RYM Album, First Name,Last Name,First Name localized, Last Name localized,Title,Release_Date,Rating,Ownership,Purchase Date,Media Type
22247,,Abigor,,,Orkblut - The Retaliation,1995,7,n,,
22251,,Abigor,,,Supreme Immortal Art,1998,7,n,,
22246,,Abigor,,,Verwüstung / Invoke the Dark Age,1994,8,n,,
2310898,The,Absence,,,Enemy Unbound,2010,8,n,,
804375,The,Absence,,,Riders of the Plague,2007,7,n,,
3886065,,Acephalix,,,Deathless Master,2012,7,n,,
3400237,,Acephalix,,,Interminable Night,2010,6,n,,
1579249,,Acrimonious,,,Broken Bonds of Balance,2007,8,n,,
2483421,,Acrimonious,,,Purulence,2009,8,n,,
2112655,,Ad Hominem,,,Dictator - A Monument of Glory,2009,8,n,,
100837,,Ad Hominem,,,Planet Zog - The End,2002,7,n,,
14144744,,Aesthus,,,Hänen temppelinsä varjoissa,2022,7,n,,
971268,,Afgrund,,,Svarta Dagar,2007,7,n,,
1983882,,Afgrund,,,Vid helvetets grindar,2009,7,n,,
761320,The,Agony Scene,,,Get Damned,2007,4,n,,
2069804,,Agoraphobic Nosebleed,,,Agorapocalypse,2009,8,n,,
1046,,Alice in Chains,,,Jar of Flies,1994,8,n,,
2223390,,Alverg,,,Elde,2009,5,n,,
366789,,Amoral,,,Decrowning,2005,9,n,,
3841365,,Amputated,,,Gargling With Infected Semen,2011,6,n,,
2491413,,Amputated,,,Wading Through Rancid Offal,2009,8,n,,
997094,,Anaal Nathrakh,,,"Hell Is Empty, and All the Devils Are Here",2007,9,n,,
112130,,Anorexia Nervosa,,,Drudenhaus,2000,8,n,,
26469,,Anorexia Nervosa,,,New Obscurantis Order,2001,9,n,,
191722,,Anorexia Nervosa,,,Redemption Process,2004,7,n,,
1363823,,Arallu,,,Desert Battles - Descending to the Sands,2009,3,n,,
91511,,Arallu,,,Satanic War in Jerusalem,2002,4,n,,
9366497,,Archgoat,,,The Luciferian Crown,2018,7,n,,
859515,,Arckanum,,,Antikosmos,2008,6,n,,
2243087,,Arckanum,,,ÞÞÞÞÞÞÞÞÞÞÞ,2009,9,n,,
9742378,,Arkhtinn,,,最初の災害,2018,7,n,,
6372280,,Arsh Anubis,,,Netherworld Oracles,2015,7,n,,
11016562,,Ars Veneficium,,,Usurpation of the Seven,2020,7,n,,
5949287,,Ascension,,,The Dead of the World,2014,9,n,,
2106811,,Asphyx,,,Death...The Brutal Way,2009,7,n,,
33961,,Atheist,,,Unquestionable Presence,1991,9,n,,
4280627,,Atlantis Chronicles,,,Ten Miles Underwater,2013,7,n,,
40345,,Atrocity,,,Longing for Death,1992,8,n,,
249242,,Auberon,,,Crossworld,2001,9,n,,
1825191,,Avulsed,,,Nullo (The Pleasure of Self-Mutilation),2009,8,n,,
1312974,,Baptism,,,Grim Arts of Melancholy,2008,8,n,,
3518112,,Bastard Priest,,,Ghouls of the Endless Night,2011,6,n,,
2151228,,Bastard Priest,,,Merciless Insane Death,2008,8,n,,
2555831,,Bastard Priest,,,Under the Hammer of Destruction,2010,7,n,,
4115,,Bathory,,,Hammerheart,1990,6,n,,
67868,,Before the Dawn,,,My Darkness,2003,9,n,,
917274,,Behexen,,,My Soul for His Glory,2008,7,n,,
119090,,Behexen,,,Rituale Satanum,2000,6,n,,
629945,,Bethlehem,,,Sardonischer Untergang im Zeichen irreligiöser Darbietung,1998,8,n,,
117361,,Bewitched,,,Pentagram Prayer,1997,8,n,,
757634,The,Black,,,Alongside Death,2008,9,n,,
2743265,,Black Breath,,,Heavy Breathing,2010,8,n,,
3818408,,Black Breath,,,Sentenced to Life,2012,9,n,,
932770,,Blindside,,,A Thought Crushed My Mind,1999,7,n,,
14809153,,Bloodbath,,,''Survival of the Sickest'',2022,8,n,,
1971568,,Blood Red Throne,,,Souls of Damnation,2009,7,n,,
2680921,,Blood-Stained,,,Infected,2009,7,n,,
10537120,,Blut aus Nord,,,Hallucinogen,2019,8,n,,
1330328,,Blut aus Nord,,,Memoria Vetusta II: Dialogue With the Stars,2009,8,n,,
5319194,,Brutally Deceased,,,Black Infernal Vortex,2014,7,n,,
576686,,Callisto,,,Noir,2006,7,n,,
1965516,,Callisto,,,Providence,2009,6,n,,
15081781,,Cattle Decapitation,,,Terrasite,2023,6,n,,
1676819,,Chalice of Blood,,,Angelus diaboli,2005,6,n,,
13322069,,Chamber of Unlight,,,Realm of the Night,2021,7,n,,
1984718,,Cobalt,,,Gin,2009,6,n,,
4821690,,Code,,,Augur Nox,2013,9,n,,
1475176,,ColdWorld,,,Melancholie²,2008,8,n,,
13373481,,Commander Agares,,,Legions of Descending Twilight,2021,8,n,,
15144513,,Corpse Eater,,,World of Doom,2023,6,n,,
1758733,,Corpus Christii,,,Carving a Pyramid of Thoughts,2008,8,n,,
1038511,,Corpus Christii,,,Rising,2007,9,n,,
35363,,Craft,,,Terror Propaganda,2002,8,n,,
14072297,,Cryptic Hatred,,,Nocturnal Sickness,2022,7,n,,
15027320,,Crystayler,,,Never Seen Again,2022,7,n,,
14823620,,Crystayler,,,Vision of Death,2022,8,n,,
6410145,,Cult of Endtime,,,In Charnel Lights,2015,8,n,,
3806964,,Cult of Endtime,,,Nuclear Witch,2011,9,n,,
4176799,,Cytotoxin,,,Radiophobia,2012,6,n,,
23053,,Darkane,,,Expanding Senses,2002,6,n,,
23052,,Darkane,,,Insanity,2001,8,n,,
3020356,,Darkflight,,,In a Breathless Flight,2010,9,n,,
1285216,,Darkflight,,,Perfectly Calm,2008,9,n,,
820714,,Dark Fortress,,,Eidolon,2008,7,n,,
450453,,Dark Fortress,,,Séance,2006,7,n,,
229591,,Dark Fortress,,,Stab Wounds,2004,8,n,,
2610762,,Dark Fortress,,,Ylem,2010,8,n,,
4000,,Darkthrone,,,A Blaze in the Northern Sky,1992,8,n,,
4198,,Death,,,Scream Bloody Gore,1987,8,n,,
15222250,,Death Portrait,,,Morbid Curiosity,2023,7,n,,
3980023,,Deathspell Omega,,,Drought,2012,8,n,,
3088389,,Deathspell Omega,,,Paracletus,2010,7,n,,
489042,,Deicide,,,The Stench of Redemption,2006,9,n,,
4414554,,Demonical,,,Darkness Unbound,2013,6,n,,
1966998,,Demonical,,,Hellsworn,2009,9,n,,
14044042,,Demonical,,,Mass Destroyer,2022,7,n,,
1356546,,Denial  ,,,Catacombs of the Grotesque,2009,6,n,,
4102932,,Deserted Fear,,,My Empire,2012,7,n,,
4172607,,Destinity,,,Resolve in Crimson,2012,6,n,,
2428043,,Destinity,,,XI Reasons to See,2010,7,n,,
4289794,,Devourment,,,Conceived in Sewage,2013,6,n,,
1983871,,Devourment,,,Unleash the Carnivore,2009,9,n,,
1784930,,Disarmonia Mundi,,,The Isolation Game,2009,8,n,,
40336,,Dismember,,,Death Metal,1997,7,n,,
35421,,Dismember,,,Massive Killing Capacity,1995,8,n,,
475167,,Dismember,,,The God That Never Was,2006,7,n,,
498276,,Dissection,,,ReinkaΩs,2006,6,n,,
1031092,,Dødsferd,,,Cursing Your Will to Live,2007,6,n,,
3419588,,Dødsferd,,,Spitting With Hatred the Insignificance of Life,2011,7,n,,
1862552,,Doomsday Refreshment Committee,,,Crown of Thorns,2008,8,n,,
5933406,,Dysangelium,,,Thánatos Áskēsis,2014,7,n,,
4150630,,Early Graves,,,Red Horse,2012,7,n,,
23048,,Edge of Sanity,,,Crimson,1996,9,n,,
23047,,Edge of Sanity,,,The Spectral Sorrows,1993,7,n,,
13111034,,Elitism,,,Requiem pour une Race Mourante,2021,6,n,,
904406,,Eluveitie,,,Slania,2008,9,n,,
4194,,Emperor,,,Anthems to the Welkin at Dusk,1997,7,n,,
31268,,Entombed,,,"DCLXVI: To Ride, Shoot Straight and Speak the Truth",1997,6,n,,
20947,,Entombed,,,Morning Star,2001,7,n,,
14493883,,Entrails,,,An Eternal Time of Decay,2022,6,n,,
4390949,,Entrails,,,Raging Death,2013,7,n,,
2965614,,Entrails,,,Tales From the Morgue,2010,8,n,,
3537558,,Entrails,,,The Tomb Awaits,2011,8,n,,
2308455,,Epitome,,,supeROTic experience,2009,6,n,,
14929054,,Eternality,,,Deaþwyrd,2022,8,n,,
496917,,Eternal Tears of Sorrow,,,Before the Bleeding Sun,2006,9,n,,
1783803,,Exhumer,,,Bloodcurdling Tool of Digestion,2008,7,n,,
3307581,,Exmortus,,,Beyond the Fall of Time,2011,7,n,,
1716959,,Exmortus,,,In Hatred's Flame,2008,8,n,,
8293653,,Expulsion,,,Nightmare Future,2017,7,n,,
107476,,Fear Factory,,,Archetype,2004,7,n,,
6490267,,Fear Factory,,,Genexus,2015,0,n,,CD
2566766,,Feral,,,Welcome to the Graveyard,2009,8,n,,
4392599,,Flagellant,,,Maledictum,2013,8,n,,
3149384,,Flagellant,,,Monuments,2010,8,n,,
3691900,,Flame,,,March Into Firelands,2011,6,n,,
3536076,,Fleshgod Apocalypse,,,Agony,2011,9,n,,
2689303,,Fleshgod Apocalypse,,,Mafia,2010,9,n,,
1856204,,Fleshgod Apocalypse,,,Oracles,2009,8,n,,
10231448,,Flykt,,,Charnel Heart,2019,7,n,,
11318519,,Förgjord,,,Laulu kuolemasta,2020,8,n,,
4414014,,Forlorn Path,,,Man's Last Portrait,2013,7,n,,
15148470,,Frozen Soul,,,Glacial Domination,2023,6,n,,
629283,,General Surgery,,,Left Hand Pathology,2006,7,n,,
14781349,,Gestapo 666,,,Satanic Terrorism,2022,7,n,,
2299197,,Ghost Brigade,,,Isolation Songs,2009,7,n,,
8636962,,Goatpenis,,,Anesthetic Vapor,2017,6,n,,
40053,,God Dethroned,,,Bloody Blasphemy,1999,7,n,,
40055,,God Dethroned,,,Ravenous,2001,9,n,,
1753647,,God Is an Astronaut,,,God Is an Astronaut,2008,9,n,,
4596917,,God Is an Astronaut,,,Origins,2013,7,n,,
459323,,God Is an Astronaut,,,The End of the Beginning,2002,7,n,,
2602,,Godspeed You! Black Emperor,,,Lift Yr. Skinny Fists Like Antennas to Heaven!,2000,8,n,,
7993997,,Grave Plague,,,The Infected Crypts,2017,8,n,,
2592104,The,Grotesquery,,,Tales of the Coffin Born,2010,8,n,,
302481,,Hate Eternal,,,"I, Monarch",2005,7,n,,
22673,,Hate Eternal,,,King of All Kings,2002,7,n,,
8162628,,Hellripper,,,Coagulating Darkness,2017,8,n,,
15034814,,Hellripper,,,Warlocks Grim &amp; Withered Hags,2023,8,n,,
389303,,Hevein,,,Sound Over Matter,2005,7,n,,
15172203,,Horda,,,Form,2023,8,n,,
9653834,,Horna,,,Kasteessa kirottu,2018,7,n,,
2232840,,Horrific,,,Your Worst Nightmare,2009,7,n,,
15330149,,Human Harvest,,,Death Storms,2023,7,n,,
9984,,Hypocrisy,,,Abducted,1996,7,n,,
2387683,,Hypocrisy,,,A Taste of Extreme Divinity,2009,7,n,,
4325612,,Hypocrisy,,,End of Disclosure,2013,7,n,,
9988,,Hypocrisy,,,Into the Abyss,2000,7,n,,
9981,,Hypocrisy,,,Penetralia,1992,5,n,,
9983,,Hypocrisy,,,The Fourth Dimension,1994,6,n,,
4428310,,Immolation,,,Kingdom of Conspiracy,2013,7,n,,
27574,,Impaled,,,The Dead Shall Dead Remain,2000,8,n,,
4372092,,Imperium Dekadenz,,,Meadows of Nostalgia,2013,7,n,,
2299446,,Imperium Dekadenz,,,Procella Vadens,2010,9,n,,
636092,,Imperium Dekadenz,,,...Und die Welt ward kalt und leer,2006,7,n,,
98741,,Incantation,,,Onward to Golgotha,1992,8,n,,
2085233,,Inferno,,,Black Devotion,2009,6,n,,
1323701,,Infestum,,,Ta Natas,2007,6,n,,
5299931,,Infestus,,,The Reflecting Void,2014,6,n,,
9837048,,Instant,,,Wounded &amp; Deserted,2018,8,n,,
2094045,,Interment,,,Into the Crypts of Blasphemy,2010,8,n,,
1341197,,IXXI,,,Assorted Armament,2007,9,n,,
2090645,,IXXI,,,Elect Darkness,2009,5,n,,
14983048,,Kalmankantaja,,,Talvisota,2022,7,n,,
4020688,,Kamikabe,,,Aberration of Man,2012,8,n,,
423775,,Kataxu,,,Hunger of Elements,2005,10,n,,
13754,,Killswitch Engage,,,Alive or Just Breathing,2002,7,n,,
12319796,,King Stephen,,,Vanitas,2020,7,n,,
699215,The,Kovenant,,,Animatronic,1999,7,n,,
878064,,Krohm,,,The Haunting Presence,2007,9,n,,
14757587,,Kryptamok,,,Kataklysmi,2022,6,n,,
2356952,,Krypts,,,Open the Crypt,2009,9,n,,
4294547,,Krypts,,,Unending Degradation,2013,9,n,,
4253718,,Lantern,,,Below,2013,8,n,,
3303669,,Lantern,,,Subterranean Effulgence,2011,9,n,,
1806931,,Light This City,,,Stormchaser,2008,8,n,,
168867,,Loits,,,Legion Estland,2003,8,n,,
128611,,Luciferion,,,The Apostate,2003,9,n,,
4484870,,Lychgate,,,Lychgate,2013,8,n,,
2094058,,Maim,,,From the Womb to the Tomb...,2009,7,n,,
25957,,Malevolent Creation,,,Retribution,1992,8,n,,
1813567,,Manufacturer's Pride,,,Sound of God's Absence,2009,6,n,,
42036,,Marduk,,,Heaven Shall Burn... When We Are Gathered,1996,8,n,,
10734196,,Marras,,,Where Light Comes to Die,2019,7,n,,
3657105,The,Meads of Asphodel,,,Sonderkommando,2013,6,n,,
82435,,Melechesh,,,Djinn,2001,7,n,,
144862,,Merrimack,,,Ashes of Purification,2002,6,n,,
2358907,,Merrimack,,,Grey Rigorism,2009,7,n,,
599708,,Merrimack,,,Of Entropy and Life Denial,2006,9,n,,
3306931,,Miasmal,,,Miasmal,2011,8,n,,
15265795,,Moonlight Sorcery,,,Horned Lord of the Thorned Castle,2023,8,n,,
12696,,Morbid Angel,,,Gateways to Annihilation,2000,7,n,,
4136871,,Mors Principium Est,,,...And Death Said Live,2012,10,n,,
5801716,,Mors Principium Est,,,Dawn of the 5th Era,2014,8,n,,
7694537,,Mors Principium Est,,,Embers of a Dying World,2017,7,n,,
73826,,Mors Principium Est,,,Inhumanity,2003,8,n,,
660751,,Mors Principium Est,,,Liberation = Termination,2007,7,n,,
818033,,Mortuus,,,De Contemplanda Morte,2007,9,n,,
2576859,,Kalmah,,,12 Gauge,2010,6,n,,
4195721,,Nails,,,Abandon All Life,2013,9,n,,
13255676,,Witch Vomit,,,Abhorrent Rapture,2021,7,n,,
137143,,Blindside,,,About a Burning Fire,2004,6,n,,
619652,,Insomnium,,,Above the Weeping World,2006,9,n,,
2369586,,Wormrot,,,Abuse,2009,8,n,,
4976890,,Corpsessed,,,Abysmal Thresholds,2014,8,n,,
12882874,,Nightrage,,,Abyss Rising,2022,7,n,,
2377011,,Insomnium,,,Across the Dark,2009,7,n,,
106065,,Incubus,,,A Crow Left of the Murder...,2004,6,n,,
12682073,,Spectral Wound,,,A Diabolic Thirst,2021,7,n,,
1904,,Tool,,,Ænima,1996,7,n,,
623347,,DOOM:VS,,,Aeternum Vale,2006,8,n,,
7210452,,In Mourning,,,Afterglow,2016,7,n,,
10522934,,Mgła,,,Age of Excuse,2019,7,n,,
4170073,,The Secret,,,Agnus Dei,2012,8,n,,
360280,,Vomiturition,,,A Leftover,1995,8,n,,
14194336,,Ehre / Kansojen Hävittäjä / Black Sun Disciple,,,Alla mustan auringon,2021,6,n,,
14434080,,Archgoat,,,All Christianity Ends,2022,7,n,,
1983032,,Dark the Suns,,,All Ends in Silence,2009,6,n,,
3177200,,Exhumed,,,"All Guts, No Glory",2011,8,n,,
15228097,,Vomitory,,,All Heads Are Gonna Roll,2023,7,n,,
300598,,God Is an Astronaut,,,"All Is Violent, All Is Bright",2005,8,n,,
11967713,,Crypts of Despair,,,All Light Swallowed,2021,8,n,,
13651902,,Fustilarian,,,All This Promiscuous Decadence,2021,8,n,,
3813509,,Converge,,,All We Love We Leave Behind,2012,8,n,,
10788674,,Minenwerfer,,,Alpenpässe,2019,7,n,,
12690,,Morbid Angel,,,Altars of Madness,1989,9,n,,
57376,,Agoraphobic Nosebleed,,,Altered States of America,2003,5,n,,
374827,,Kriegsmaschine,,,Altered States of Divinity,2005,7,n,,
2106868,,Amesoeurs,,,Amesoeurs,2009,8,n,,
20513,,Nile,,,Amongst the Catacombs of Nephren-Ka,1998,9,n,,
6223921,,Lychgate,,,An Antidote for the Glass Pill,2015,0,n,,CD
77801,,Exhumed,,,Anatomy Is Destiny,2003,7,n,,
99035,,Aeternus,,,...And So the Night Became,1998,8,n,,
4011073,,Aeternus,,,...And the Seventh His Soul Detesteth,2013,6,n,,
267522,,Nile,,,Annihilation of the Wicked,2005,8,n,,
71245,,Arch Enemy,,,Anthems of Rebellion,2003,7,n,,
22302,,Gorgoroth,,,Antichrist,1996,8,n,,
4400018,,Seeds of Iblis,,,Anti Quran Rituals,2013,7,n,,
284707,,Evoken,,,Antithesis of Light,2005,8,n,,
14955816,,Harakiri for the Sky,,,Aokigahara MMXXII,2022,8,n,,
9669649,,Kriegsmaschine,,,Apocalypticists,2018,8,n,,
256727,,Draconian,,,Arcane Rain Fell,2005,8,n,,
1512122,,Mitochondrion,,,Archaeaeon,2008,8,n,,
391816,,The Project Hate MCMXCIX,,,Armageddon March Eternal: Symphonies of Slit Wrists,2005,9,n,,
10494507,,Arnaut Pavle,,,Arnaut Pavle,2019,7,n,,
54341,,Windir,,,Arntor,1999,7,n,,
8711306,,Harakiri for the Sky,,,Arson,2018,7,n,,
14973974,,...And Oceans,,,"As in Gardens, So in Tombs",2023,8,n,,
82433,,Melechesh,,,As Jerusalem Burns... Al'Intisar,1996,8,n,,
4157177,,Baptism,,,As the Darkness Enters,2012,9,n,,
12216225,,Yoth Iria,,,As the Flame Withers,2021,7,n,,
2986784,,October Tide,,,A Thin Shell,2010,7,n,,
7535299,,Dark Tranquillity,,,Atoma,2016,8,n,,
58169,,Sirenia,,,At Sixes and Sevens,2002,8,n,,
3921513,,Katalepsy,,,Autopsychosis,2013,9,n,,
149515,,Drudkh,,,Autumn Aurora,2004,9,n,,
4379,,Eternal Tears of Sorrow,,,A Virgin and a Whore,2001,9,n,,
2054794,,Zao,,,Awake?,2009,5,n,,
8800752,,Agrimonia,,,Awaken,2018,8,n,,
3800,,Soundgarden,,,Badmotorfinger,1991,9,n,,
2207402,,Peste Noire,,,Ballade cuntre lo Anemi francor,2009,6,n,,
13135653,,Warmoon Lord,,,Battlespells,2021,9,n,,
2352291,,Thrice,,,Beggars,2009,6,n,,
2029844,,Mumakil,,,Behold the Failure,2009,6,n,,
4124947,,Skeletal Remains,,,Beyond the Flesh,2012,7,n,,
93732,,Aeternus,,,Beyond the Wandering Moon,1997,9,n,,
70003,,Taake,,,...Bjoergvin...,2002,7,n,,
2033940,,Wolves in the Throne Room,,,Black Cascade,2009,8,n,,
23044,,Arch Enemy,,,Black Earth,1996,8,n,,
20514,,Nile,,,Black Seeds of Vengeance,2000,9,n,,
14760436,,In Nothingness,,,Black Sun Funeral,2022,8,n,,
27822,,Vader,,,Black to the Blind,1997,6,n,,
3456195,,Azarath,,,Blasphemers' Maledictions,2011,9,n,,
12691,,Morbid Angel,,,Blessed Are the Sick,1991,7,n,,
143035,,Nattefrost,,,Blood &amp; Vomit,2004,5,n,,
4114,,Bathory,,,Blood Fire Death,1988,7,n,,
1342505,,Suffocation,,,Blood Oath,2009,6,n,,
2018517,,Ava Inferi,,,Blood of Bacchus,2009,7,n,,
8218610,,Necrot,,,Blood Offerings,2017,7,n,,
6666787,,Fatherland,,,Blood of Patriots,2015,8,n,,
71552,,Vomitory,,,Blood Rapture,2002,8,n,,
6311330,,Noisem,,,Blossoming Decay,2015,8,n,,
20241,,Katatonia,,,Brave Murder Day,1996,9,n,,
82338,,Ion Dissonance,,,Breathing Is Irrelevant,2003,8,n,,
40037,,Bloodbath,,,Breeding Death,2000,9,n,,
33435,,Paul Oakenfold,,,Bunkka,2002,8,n,,
23046,,Arch Enemy,,,Burning Bridges,1999,9,n,,
11538,,Machine Head,,,Burn My Eyes,1994,7,n,,
681315,,Devourment,,,Butcher the Weak,2006,8,n,,
123436,,Behexen,,,By the Blessing of Satan,2004,8,n,,
65234,,Spawn of Possession,,,Cabinet,2003,7,n,,
12533195,,Ferriterium,,,Calvaire,2021,8,n,,
9085745,,Lik,,,Carnage,2018,8,n,,
1316929,,Hypocrisy,,,Catch 22 (V2.0.08),2008,8,n,,
116546,,Catamenia,,,Chaos Born,2003,6,n,,
4375,,Eternal Tears of Sorrow,,,Chaotic Beauty,2000,8,n,,
2274866,,Defeated Sanity,,,Chapters of Repugnance,2010,7,n,,
220314,,Dark Tranquillity,,,Character,2005,9,n,,
6548547,,Cruciamentum,,,Charnel Passages,2015,0,n,,CD
5291547,,Desecresy,,,Chasmic Transcendence,2014,6,n,,
3591692,,"Oh, Sleeper",,,Children of Fire,2011,7,n,,
9396534,,Bonehunter,,,Children of the Atom,2018,8,n,,
2205695,,Eternal Tears of Sorrow,,,Children of the Dark Waters,2009,8,n,,
602830,,Slayer,,,Christ Illusion,2006,7,n,,
19496,,Entombed,,,Clandestine,1991,8,n,,
7744,,In Flames,,,Clayman,2000,7,n,,
5231868,,Darkflight,,,Closure,2014,8,n,,
12895991,,The Absence,,,Coffinized,2021,7,n,,
6309046,,Disarmonia Mundi,,,Cold Inferno,2015,8,n,,
7746,,In Flames,,,Colony,1999,8,n,,
40051,,Kreator,,,Coma of Souls,1990,9,n,,
862927,,Eisley,,,Combinations,2007,8,n,,
6538238,,Skeletal Remains,,,Condemned to Misery,2015,8,n,,CD
21233,,Hate Eternal,,,Conquering the Throne,1999,8,n,,
3245477,,Ascension,,,Consolamentum [red vinyl],2010,8,n,,
2606086,,Valkyrja,,,Contamination,2010,8,n,,
15007997,,FaithXtractor,,,Contempt for a Failed Dimension,2023,6,n,,
1468964,,The Acacia Strain,,,Continent,2008,6,n,,
5298537,,Schammasch,,,Contradiction,2014,7,n,,
2272224,,Cruciamentum,,,Convocation of Crawling Chaos,2009,9,n,,
11019856,,...And Oceans,,,Cosmic World Mother,2020,8,n,,
12692,,Morbid Angel,,,Covenant,1993,9,n,,
9465374,,Akitsa,,,Credo,2018,6,n,,
91038,,Edge of Sanity,,,Crimson II,2003,8,n,,
1380,,Cradle of Filth,,,Cruelty and the Beast,1998,5,n,,
6443090,,Vorum,,,Current Mouth,2015,6,n,,
2810797,,Ion Dissonance,,,Cursed,2010,8,n,,
3068879,,Rotten Sound,,,Cursed,2011,8,n,,
5227838,,Miasmal,,,Cursed Redeemer,2014,8,n,,
2642297,,Barren Earth,,,Curse of the Red River,2010,8,n,,
103307,,Antaeus,,,Cut Your Flesh and Worship Satan,2000,7,n,,
2442735,,Winterwolf,,,Cycle of the Werewolf,2009,9,n,,
1122258,,Rotten Sound,,,Cycles,2008,7,n,,
1730600,,Pain,,,Cynic Paradise,2008,6,n,,
16644,,Dark Tranquillity,,,Damage Done,2002,8,n,,
970526,,Imperium Dekadenz,,,Dämmerung der Szenarien,2007,8,n,,
13321316,,Bonehunter,,,Dark Blood Reincarnation System,2021,7,n,,
8899601,,Voidhanger,,,Dark Days of the Soul,2018,7,n,,
3280948,,Trap Them,,,Darker Handcraft,2011,7,n,,
651254,,Bethlehem,,,Dark Metal,1994,7,n,,
906579,,Nightwish,,,Dark Passion Play,2007,9,n,,
1406397,,Darkspace,,,Dark Space III,2008,8,n,,
40097,,Immolation,,,Dawn of Possession,1991,8,n,,
2334050,,Despised Icon,,,Day of Mourning,2009,7,n,,
4022773,,Katatonia,,,Dead End Kings,2012,7,n,,
40107,,Witchery,,,"Dead, Hot and Ready",1999,7,n,,
782456,,Before the Dawn,,,Deadlight,2007,8,n,,
215118,,Porcupine Tree,,,Deadwing,2005,8,n,,
1609816,,DOOM:VS,,,Dead Words Speak,2008,8,n,,
15126697,,Kommand,,,Death Age,2023,7,n,,
68482,,Dimmu Borgir,,,Death Cult Armageddon,2003,7,n,,
3190777,,Demonical,,,Death Infernal,2011,8,n,,
6813564,,Death Fortress,,,Deathless March of the Unyielding,2016,8,n,,
2038450,,Candlemass,,,Death Magic Doom,2009,6,n,,
14298,,The Crown,,,Deathrace King,2000,8,n,,
4423639,,Omnihility,,,Deathscapes of the Subconscious,2014,8,n,,
3260153,,Before the Dawn,,,Deathstar Rising,2011,7,n,,
3281087,,Maim,,,Deceased to Exist,2011,8,n,,
14800772,,Bekëth Nexëhmü,,,De dunklas sorgeakt (Ett nordiskt afvsked...),2022,8,n,,
1374203,,Deströyer 666,,,Defiance,2009,9,n,,
546323,,Underoath,,,Define the Great Line,2006,7,n,,
1770911,,Human Mincer,,,Degradation Paradox,2008,7,n,,
22280,,Deicide,,,Deicide,1990,7,n,,
14077213,,Funeral Mist,,,Deiform,2021,6,n,,
14471413,,Deathrite,,,Delirium,2022,7,n,,
180840,,Behemoth,,,Demigod,2004,8,n,,
1488810,,Darkane,,,Demonic Art,2008,6,n,,
7657745,,Deus Mortem,,,Demons of Matter and the Shells of the Dead,2016,8,n,,
4151,,Mayhem,,,De mysteriis dom Sathanas,1994,9,n,,
87540,,Vader,,,De profundis,1995,9,n,,
257213,,Nightrage,,,Descent Into Chaos,2005,7,n,,
2254591,,Epica,,,Design Your Universe,2009,7,n,,
15096884,,Ondfødt,,,Det österbottniska mörkret,2023,7,n,,
4385925,,P.L.F.,,,Devious Persecution and Wholesale Slaughter,2013,8,n,,
602665,,Kriegsmaschine,,,Devotee,2003,5,n,,
109149,,Incantation,,,Diabolical Conquest,1998,8,n,,
688501,,Azarath,,,Diabolic Impious Evil,2006,8,n,,
86260,,Bethlehem,,,Dictius te necare,1996,7,n,,
1045,,Alice in Chains,,,Dirt,1992,9,n,,
4515955,,Amputated,,,"Dissect, Molest, Ingest",2014,7,n,,
5019390,,Kampfar,,,Djevelmakt,2014,7,n,,
6769759,,Mörbid Vomit,,,Doctrine of Violence,2015,8,n,,
271690,,Taake,,,...Doedskvad,2005,8,n,,
12693,,Morbid Angel,,,Domination,1995,7,n,,
504104,,Witchery,,,Don't Fear the Reaper,2006,6,n,,
717056,,Arch Enemy,,,Doomsday Machine,2005,5,n,,
349055,,Betzefer,,,Down Low,2005,7,n,,
2781398,,Feral,,,Dragged to the Altar,2011,8,n,,
14947243,,Old Sorcery,,,Dragon Citadel Elegies,2022,7,n,,
1700727,,Haste the Day,,,Dreamer,2008,8,n,,
4342046,,DOOM:VS,,,Earthless,2014,7,n,,
2693437,,Alcest,,,Écailles de lune,2010,9,n,,
2350652,,Slugathor,,,Echoes From Beneath,2009,8,n,,
20820,,Suffocation,,,Effigy of the Forgotten,1991,8,n,,
12900810,,Ereb Altor,,,Eldens boning,2021,6,n,,
8005193,,Acrimonious,,,Eleven Dragons,2017,7,n,,
14762814,,Norrhem,,,Elonkehrä,2022,8,n,,
4403142,,Deus Mortem,,,Emanations of the Black Light,2013,10,n,,
3734333,,Swallow the Sun,,,Emerald Forest and the Blackbird,2012,6,n,,
5196311,,Kriegsmaschine,,,Enemy of Man,2014,9,n,,
2083616,,Beherit,,,Engram,2009,4,n,,
3757591,,Cruciamentum,,,Engulfed in Desolation,2011,6,n,,
33771,,Lord Belial,,,Enter the Moonlight Gate,1997,7,n,,
8237,,Dimmu Borgir,,,Enthrone Darkness Triumphant,1997,7,n,,
14784003,,Phobophilic,,,Enveloping Absurdity,2022,7,n,,
6116417,,Carpenter Brut,,,EP III,2015,8,n,,
8746,,Stratovarius,,,Episode,1996,8,n,,
690451,,Repugnant,,,Epitome of Darkness,2006,5,n,,
3536465,,Evanescence,,,Evanescence,2011,8,n,,
2244480,,Behemoth,,,Evangelion,2009,7,n,,
15200949,,Ascended Dead,,,Evenfall of the Apocalypse,2023,6,n,,
14977127,,Parasitario,,,Everything Belongs to Death,2023,7,n,,
1822283,,Ulcerate,,,Everything Is Fire,2009,4,n,,
1906267,,Cannibal Corpse,,,Evisceration Plague,2009,5,n,,
214410,,Rotten Sound,,,Exit,2005,8,n,,
5024927,,Aenaon,,,Extance,2014,8,n,,
1983873,,Insidious Decrepancy,,,Extirpating Omniscient Certitude,2009,7,n,,
1043,,Alice in Chains,,,Facelift,1990,8,n,,
629050,,Light This City,,,Facing the Thousand,2006,9,n,,
755757,,Porcupine Tree,,,Fear of a Blank Planet,2007,8,n,,
15016055,,Seven Doors,,,Feast of the Repulsive Dead,2023,7,n,,
4032564,,Drawn and Quartered,,,Feeding Hell's Furnace,2012,7,n,,
15097951,,Minenwerfer,,,Feuerwalze,2023,7,n,,
780931,,Dark Tranquillity,,,Fiction,2007,7,n,,
54179,,Soilwork,,,Figure Number Five,2003,8,n,,
5915871,,Satanic Warmaster,,,Fimbulwinter,2014,7,n,,
14248700,,Desolate Shrine,,,Fires of the Dying World,2022,8,n,,
14380647,,Pharmacist,,,Flourishing Extremities on Unspoiled Mental Grounds,2022,8,n,,
406817,,Flyleaf,,,Flyleaf,2005,7,n,,
2718365,,Solution .45,,,For Aeons Past,2010,8,n,,
152527,,Drudkh,,,Forgotten Legends,2003,8,n,,
12695,,Morbid Angel,,,Formulas Fatal to the Flesh,1998,7,n,,
1312751,,Kalmah,,,For the Revolution,2008,8,n,,
2297083,,Katharsis,,,Fourth Reich,2009,7,n,,
159535,,Disarmonia Mundi,,,Fragments of D-Generation,2004,8,n,,
3343795,,Midnight Odyssey,,,Funerals From the Astral Sphere,2011,9,n,,
6092900,,Sulphur Aeon,,,Gateway to the Antisphere,2015,9,n,,
2813,,Slayer,,,God Hates Us All,2001,5,n,,
3370219,,All Pigs Must Die,,,God Is War,2011,7,n,,
27572,,Exhumed,,,Gore Metal,1998,8,n,,
5827505,,Bloodbath,,,Grand Morbid Funeral,2014,10,n,,
868553,,Walknut,,,Graveforests and Their Shadows,2007,9,n,,
1238656,,Dead Congregation,,,Graves of the Archangels,2008,8,n,,
2174700,,Vorum,,,Grim Death Awaits,2009,9,n,,
2386043,,Squash Bowels,,,Grindvirus,2009,5,n,,
11955916,,Tsatthoggua,,,Hallelujah Messiah,2020,6,n,,
222419,,Immolation,,,Harnessing Ruin,2005,6,n,,
6577274,,Sielunvihollinen,,,Hautaruhtinas,2015,8,n,,
12739266,,Mānbryne,,,Heilsweg: O udręce ciała i tułaczce duszy,2021,6,n,,
6052681,,Chalice of Blood,,,"Helig, Helig, Helig",2015,7,n,,
6129,,Slayer,,,Hell Awaits,1985,9,n,,
6570674,,Horna,,,Hengen tulet,2015,7,n,,
40099,,Immolation,,,Here in After,1996,9,n,,
81669,,Morbid Angel,,,Heretic,2003,4,n,,
5141295,,Sabaton,,,Heroes,2014,8,n,,
10097529,,Sühnopfer,,,Hic regnant borbonii manes,2019,8,n,,
9852374,,Blood Incantation,,,Hidden History of the Human Race,2019,8,n,,
14730532,,Rodent Epoch,,,Hidden Temple,2022,5,n,,
1182609,,Scar Symmetry,,,Holographic Universe,2008,8,n,,
691125,,Swallow the Sun,,,Hope,2007,9,n,,
1782026,,Kreator,,,Hordes of Chaos,2009,4,n,,
8888917,,Horna / Pure,,,Horna / Pure,2018,8,n,,
12388944,,Hate Forest,,,Hour of the Centaur,2020,8,n,,
1776933,,Putrid Pile,,,House of Dementia,2009,7,n,,
4201,,Death,,,Human,1991,7,n,,
5150136,,Valtari,,,Hunter's Pride,2014,8,n,,
363603,,Satariel,,,Hydra,2005,7,n,,
9987,,Hypocrisy,,,Hypocrisy,1999,9,n,,
11084,,Nas,,,I Am...,1999,8,n,,
6351245,,Putridity,,,Ignominious Atonement,2015,8,n,,
96028,,Shining,,,III - Angst - Självdestruktivitetens Emissarie,2002,7,n,,
11082,,Nas,,,Illmatic,1994,8,n,,
3377787,,Morbid Angel,,,Illud Divinum Insanus,2011,2,n,,
2318093,,Lost Soul,,,Immerse in Infinity,2009,8,n,,
14132250,,Non Est Deus,,,Impious,2022,6,n,,
605838,,Vader,,,Impressions in Blood,2006,8,n,,
129862,,Arghoslent,,,Incorrigible Bigotry,2002,4,n,,
3767412,,Spawn of Possession,,,Incurso,2012,8,n,,
40334,,Dismember,,,Indecent &amp; Obscene,1993,10,n,,
11329509,,Terrestrial Hospice,,,Indian Summer Brought Mushroom Clouds,2020,7,n,,
4202,,Death,,,Individual Thought Patterns,1993,7,n,,
8057840,,Azarath,,,In Extremis,2017,8,n,,
2144015,,Anaal Nathrakh,,,In the Constellation of the Black Widow,2009,8,n,,
15042,,Nile,,,In Their Darkened Shrines,2002,9,n,,
4166458,,Bloodbound,,,In the Name of Metal,2012,8,n,,
4193,,Emperor,,,In the Nightside Eclipse,1994,10,n,,
4174022,,Sithu Aye,,,Invent the Universe,2012,9,n,,
1986,,Slipknot,,,Iowa,2001,6,n,,
11083,,Nas,,,It Was Written,1996,9,n,,
3698489,,Loma Prieta,,,I.V.,2012,8,n,,
4402402,,Aosoth,,,IV: An Arrow in Heart,2013,8,n,,
182041,,Shining,,,IV • The Eerie Cold,2005,9,n,,
6987763,,Moonsorrow,,,Jumalten aika,2016,9,n,,
15159664,,Kalmah,,,Kalmah,2023,6,n,,
14758809,,Ahriman,,,Kehely,2022,7,n,,
29435,,Killswitch Engage,,,Killswitch Engage,2000,9,n,,
10080122,,Deus Mortem,,,Kosmocide,2019,9,n,,
6827147,,Wormed,,,Krighsu,2016,8,n,,
8887539,,Horna,,,Kuolleiden kuu,2018,8,n,,
9481190,,Sielunvihollinen,,,Kuolonkylväjä,2019,9,n,,
5054578,,Artificial Brain,,,Labyrinth Constellation,2014,8,n,,
13087534,,Seth,,,La morsure du Christ,2021,7,n,,
15006947,,Høstsol,,,Länge leve döden,2023,6,n,,
1586150,,Lantlôs,,,Lantlôs,2008,8,n,,
1492766,,Loma Prieta,,,Last City,2008,7,n,,
2820193,,Watain,,,Lawless Darkness,2010,8,n,,
7167725,,Slaughterday,,,Laws of the Occult,2016,6,n,,
311113,,Darkane,,,Layers of Lies,2005,6,n,,
14351281,,Incandescence,,,Le coeur de l'homme,2022,7,n,,
20659,,Entombed,,,Left Hand Path,1990,9,n,,
15346,,Deicide,,,Legion,1992,9,n,,
142504,,Therion,,,Lemuria,2004,8,n,,
4199,,Death,,,Leprosy,1988,9,n,,
3595008,,Alcest,,,Les voyages de l'âme,2012,7,n,,
14196861,,Mors Principium Est,,,Liberate the Unborn Inhumanity,2022,8,n,,
19502,,Dismember,,,Like an Ever Flowing Stream,1991,9,n,,
19180,,Vader,,,Litany,2000,7,n,,
225273,,Nokturnal Mortum,,,Lunar Poetry,1996,7,n,,
7013269,,Satanic Warmaster / Archgoat,,,Lux Satanae (Thirteen Hymns of Finnish Devil Worship),2015,8,n,,
46531,,Sodom,,,M-16,2001,8,n,,
12002146,,Harakiri for the Sky,,,Mære,2021,8,n,,
2637856,,Immolation,,,Majesty and Decay,2010,6,n,,
1509067,,Gortuary,,,Manic Thoughts of Perverse Mutilation,2008,8,n,,
4515365,,Power Trip,,,Manifest Decimation,2013,9,n,,
797498,,Glorior Belli,,,Manifesting the Raging Beast,2007,9,n,,
14521805,,Marrasmieli,,,Martaiden mailta,2022,7,n,,
1824633,,Fear Factory,,,Mechanize,2010,7,n,,
4937177,,Triptykon,,,Melana Chasmata,2014,7,n,,
4369257,,Lantlôs,,,Melting Sun,2014,8,n,,
1601,,A Perfect Circle,,,Mer de noms,2000,8,n,,
14045592,,Kalmankantaja,,,Metsäuhri,2022,8,n,,
5716039,,Disentomb,,,Misery,2014,8,n,,
4194716,,Unfathomable Ruination,,,Misshapen Congenital Entropy,2012,8,n,,
5304450,,Infestum,,,Monuments of Exalted,2014,8,n,,
3872016,,Aeternam,,,Moongod,2012,6,n,,
142994,,Catamenia,,,Morning Crimson,1999,7,n,,
12872938,,Dödsrit,,,Mortal Coil,2021,9,n,,
113010,,Incantation,,,Mortal Throne of Nazarene,1994,7,n,,
6466882,,Kalmankantaja,,,Muinainen,2015,7,n,,
64527,,Rotten Sound,,,Murderworks,2002,7,n,,
6054700,,Kalmankantaja,,,Musta lampi,2014,7,n,,
22248,,Abigor,,,Nachthymnen (From the Twilight Kingdom),1995,9,n,,
11085,,Nas,,,Nastradamus,1999,7,n,,
70000,,Taake,,,Nattestid ser porten vid...,1999,8,n,,
11203,,Soilwork,,,Natural Born Chaos,2002,9,n,,
4299414,,Exhumed,,,Necrocracy,2013,7,n,,
2770578,,Ohtar / Dark Fury,,,Necrohate / Auri Sacra Fames,2009,8,n,,
15423626,,Crystayler,,,Necroinsanity,2023,7,n,,
5090804,,TrenchRot,,,Necronomic Warfare,2014,6,n,,
5035215,,Iskald,,,Nedom Og Nord,2014,9,n,,
15440436,,М8Л8ТХ [M8L8TH],,,Nekrokrator,2023,7,n,,
2190064,,Lantlôs,,,.neon,2010,9,n,,
8221985,,Vargrav,,,Netherstorm,2017,7,n,,
2673513,,Hooded Menace,,,Never Cross the Dead,2010,8,n,,
126,,Nirvana,,,Nevermind,1991,6,n,,
13210222,,Deströyer 666,,,Never Surrender,2022,8,n,,
4109258,,Beheaded,,,Never to Dawn,2012,6,n,,
2330575,,Swallow the Sun,,,New Moon,2009,8,n,,
8461559,,The Black Dahlia Murder,,,Nightbringers,2017,8,n,,
2403510,,Katatonia,,,Night Is the New Day,2009,8,n,,
14065333,,Abysmal Dawn,,,Nightmare Frontier,2022,7,n,,
13734557,,Morgal,,,Nightmare Lord,2021,8,n,,
184766,,Bloodbath,,,Nightmares Made Flesh,2004,7,n,,
15027059,,Moonlight Sorcery,,,Nightwind: The Conqueror From the Stars,2022,8,n,,
29626,,Marduk,,,Nightwing,1998,7,n,,
1812229,,Lyrinx,,,Nihilistic Purity,2007,9,n,,
539528,,Spawn of Possession,,,Noctambulant,2006,8,n,,
788646,,The Black Dahlia Murder,,,Nocturnal,2007,9,n,,
14222541,,Nocturnal Triumph,,,Nocturnal Triumph,2022,7,n,,
22446,,Setherial,,,Nord...,1996,8,n,,
3442897,,Taake,,,Noregs vaapen,2011,9,n,,
15261575,,Norrhem / Sielunvihollinen,,,Norrhem / Sielunvihollinen,2023,8,n,,
2088990,,Iperyt,,,No State of Grace,2011,7,n,,
3745636,,Guttural Secrete,,,Nourishing the Spoil,2013,8,n,,
14072607,,Sylvaine,,,Nova,2022,8,n,,
6333724,,Entrails,,,Obliteration,2015,7,n,,
10382044,,Devourment,,,Obscene Majesty,2019,7,n,,
4690862,,Castevet,,,Obsian,2013,8,n,,
14914916,,BRAN,,,Odcházení,2022,7,n,,
11888692,,Inferi,,,Of Sunless Realms,2020,9,n,,
45,,Radiohead,,,OK Computer,1997,8,n,,
4337896,,Summoning,,,Old Mornings Dawn,2013,8,n,,
1340457,,Abysmal Torment,,,Omnicide,2009,8,n,,
22281,,Deicide,,,Once Upon the Cross,1995,7,n,,
310083,,Cursed,,,One,2003,9,n,,
3531048,,Insomnium,,,One for Sorrow,2011,8,n,,
14991382,,Profane Order,,,One Nightmare Unto Another,2023,8,n,,
1406272,,Excoriate,,,On Pestilent Winds...,2009,7,n,,
3204707,,Ava Inferi,,,Onyx,2011,9,n,,
95823,,Satanic Warmaster,,,Opferblut,2003,7,n,,
382587,,Mayhem,,,Ordo ad chao,2007,8,n,,
4493516,,Enshine,,,Origin,2013,9,n,,
9982,,Hypocrisy,,,Osculum Obscenum,1993,6,n,,
5537105,,Sólstafir,,,Ótta,2014,7,n,,
2396338,,Rise and Fall,,,Our Circle Is Vicious,2009,6,n,,
5166,,Judas Priest,,,Painkiller,1990,8,n,,
8980280,,Kalmah,,,Palo,2018,6,n,,
93326,,Behemoth,,,Pandemonic Incantations,1998,6,n,,
29627,,Marduk,,,Panzer Division Marduk,1999,6,n,,
2680711,,Hour of Penance,,,Paradogma,2010,9,n,,
4663707,,Altars,,,Paramnesia,2013,6,n,,
2269411,,Mitochondrion,,,Parasignosis,2011,8,n,,
4251788,,Defeated Sanity,,,Passages Into Deformity,2013,6,n,,
8244974,,Arkhon Infaustus,,,Passing the Nekromanteion,2017,7,n,,
1962932,,God Dethroned,,,Passiondale (Passchendaele),2009,8,n,,
22300,,Gorgoroth,,,Pentagram,1994,7,n,,
5929930,,Obscure Infinity,,,Perpetual Descending Into Nothingness,2015,6,n,,
14266239,,Moonlight Sorcery,,,Piercing Through the Frozen Eternity,2022,9,n,,
4178974,,Suffocation,,,Pinnacle of Bedlam,2013,7,n,,
492775,,Scar Symmetry,,,Pitch Black Progress,2006,7,n,,
78928,,Wormed,,,Planisphærium,2003,7,n,,
4309586,,Vorum,,,Poisoned Void,2013,7,n,,
1953134,,Stratovarius,,,Polaris,2009,4,n,,
1732286,,Azarath,,,Praise the Beast,2009,7,n,,
2115086,,DevilDriver,,,Pray for Villains,2009,8,n,,
402135,,Defeated Sanity,,,Prelude to the Tragedy,2004,7,n,,
365892,,Mgła,,,Presence,2006,8,n,,
7627,,Amorphis,,,Privilege of Evil,1993,8,n,,
14307239,,Vermine,,,Promethean - Ère du surhomme,2021,7,n,,
5259164,,Dead Congregation,,,Promulgation of the Fall,2014,8,n,,
13185759,,Galvanizer,,,Prying Sight of Imperception,2021,7,n,,
777355,,Defeated Sanity,,,Psalms of the Moribund,2007,8,n,,
19493,,Edge of Sanity,,,Purgatory Afterglow,1994,8,n,,
8240,,Dimmu Borgir,,,Puritanical Euphoric Misanthropia,2001,8,n,,
139181,,Hate Forest,,,Purity,2003,8,n,,
14282943,,Analepsy,,,Quiescence,2022,7,n,,
138650,,Watain,,,Rabid Death's Curse,2000,8,n,,
156346,,October Tide,,,Rain Without End,1997,8,n,,
4481457,,Daft Punk,,,Random Access Memories,2013,5,n,,
14805942,,Diabolic Rites,,,Raw Black Satanic Attack,2022,7,n,,
15111754,,Outlaw,,,Reaching Beyond Assiah,2023,7,n,,
9853394,,М8Л8ТХ [M8L8TH],,,Reconquista,2018,8,n,,
119042,,Vomitory,,,Redemption,1999,6,n,,
3680648,,Funerus,,,Reduced to Sludge,2011,8,n,,
5309350,,Hour of Penance,,,Regicide,2014,8,n,,
2771,,Slayer,,,Reign in Blood,1986,9,n,,
9844021,,Death Fortress,,,Reign of the Unending,2018,8,n,,
1909159,,Code,,,Resplendent Grotesque,2009,7,n,,
672781,,Chimaira,,,Resurrection,2007,6,n,,
138644,,Sadistic Intent,,,Resurrection,1994,8,n,,
30005,,Bloodbath,,,Resurrection Through Carnage,2002,8,n,,
19181,,Vader,,,Revelations,2002,6,n,,
1734485,,Iskald,,,Revelations of Reckoning Day,2008,7,n,,
4027146,,Ataraxy,,,Revelations of the Ethereal,2012,8,n,,
185861,,The Haunted,,,rEVOLVEr,2004,7,n,,
3830281,,Before the Dawn,,,Rise of the Phoenix,2012,6,n,,
919723,,Arch Enemy,,,Rise of the Tyrant,2007,7,n,,
3627660,,Full of Hell,,,Roots of Earth Are Consuming My Home,2011,7,n,,
4449225,,Full of Hell,,,Rudiments of Mutilation,2013,8,n,,
606415,,Amesoeurs,,,Ruines humaines,2006,7,n,,
1958784,,Wardruna,,,Runaljod – gap var Ginnunga,2009,8,n,,
4257335,,Wardruna,,,Runaljod – Yggdrasil,2013,7,n,,
19004,,Darkane,,,Rusted Angel,1999,9,n,,
5288694,,Thantifaxath,,,Sacred White Noise,2014,8,n,,
4256516,,Eternal Tears of Sorrow,,,Saivon lapsi,2013,6,n,,
8958741,,Galvanizer,,,Sanguine Vigil,2018,8,n,,
40300,,Behemoth,,,Satanica,1999,7,n,,
2327,,Incubus,,,S.C.I.E.N.C.E.,1997,8,n,,
5160,,Slayer,,,Seasons in the Abyss,1990,8,n,,
3846094,,Hour of Penance,,,Sedition,2012,7,n,,
1594738,,Trap Them,,,Seizures in Barren Praise,2008,8,n,,
1249605,,Severed Savior,,,Servile Insurrection,2008,8,n,,
11774292,,Mors Principium Est,,,Seven,2020,9,n,,
1994038,,Teitanblood,,,Seven Chalices,2009,7,n,,
40106,,Possessed,,,Seven Churches,1985,8,n,,
4499064,,Kalmah,,,Seventh Swamphony,2013,7,n,,
1588897,,Vacant Coffin,,,Sewer Skullpture,2008,8,n,,
5279037,,Insomnium,,,Shadows of the Dying Sun,2014,7,n,,
6126,,Slayer,,,Show No Mercy,1983,8,n,,
1096522,,In Mourning,,,Shrouded Divine,2008,7,n,,
15152345,,Sielunvihollinen,,,Sielunmurskaaja,2023,8,n,,
14939722,,Sielunvihollinen / Sudentaival,,,Sielunvihollinen / Sudentaival,2022,8,n,,
27783,,Blindside,,,Silence,2002,7,n,,
252473,,Rapture,,,Silent Stage,2005,7,n,,
149458,,Insomnium,,,Since the Day It All Came Down,2004,7,n,,
2155735,,Diablo Swing Orchestra,,,Sing Along Songs for the Damned &amp; Delirious,2009,5,n,,
6656507,,Enshine,,,Singularity,2015,8,n,,
11148811,,Faidra,,,Six Voices Inside,2020,8,n,,
2262991,,Sun of the Blind,,,Skullreader,2009,8,n,,
2109137,,Amorphis,,,Skyforger,2009,6,n,,
17921,,At the Gates,,,Slaughter of the Soul,1995,9,n,,
10672261,,Profane Order,,,Slave Morality,2019,7,n,,
2113508,,Old Man's Child,,,Slaves of the World,2009,6,n,,
13746899,,200 Stab Wounds,,,Slave to the Scalpel,2021,7,n,,
12875968,,Steel Bearing Hand,,,Slay in Hell,2021,7,n,,
4509,,Slipknot,,,Slipknot,1999,7,n,,
10047363,,Gardsghastr,,,Slit Throat Requiem,2019,8,n,,
12618149,,Mare Cognitum,,,Solar Paroxysm,2021,8,n,,
5009301,,Nasheim,,,Solens Vemod,2014,6,n,,
5505490,,Misþyrming,,,Söngvar elds og óreiðu,2015,7,n,,
5159,,Slayer,,,South of Heaven,1988,7,n,,
776199,,Alcest,,,Souvenirs d'un autre monde,2007,8,n,,
656786,,Eluveitie,,,Spirit,2006,8,n,,
1383,,Dimmu Borgir,,,Spiritual Black Dimensions,1999,6,n,,
248857,,Eternal Lies,,,Spiritual Deception,2002,8,n,,
4200,,Death,,,Spiritual Healing,1990,8,n,,
5162433,,Vallenfyre,,,Splinters,2014,6,n,,
221987,,Soilwork,,,Stabbing the Drama,2005,4,n,,
23045,,Arch Enemy,,,Stigmata,1998,7,n,,
25958,,Malevolent Creation,,,Stillborn,1993,6,n,,
7812,,Opeth,,,Still Life,1999,8,n,,
19392,,Dissection,,,Storm of the Light's Bane,1995,10,n,,
95822,,Satanic Warmaster,,,Strength &amp; Honour,2001,7,n,,
22244,,Summoning,,,Stronghold,1999,9,n,,
14486421,,Corpsessed,,,Succumb to Rot,2022,8,n,,
543527,,Suffocation,,,Suffocation,2006,7,n,,
2207744,,Dødsferd,,,Suicide and the Rest of Your Kind Will Follow,2009,7,n,,
12017510,,Of Feather and Bone,,,Sulfuric Disintegration,2020,7,n,,
9417924,,Gevurah,,,Sulphur Soul,2018,8,n,,
15074431,,Plague Bearer,,,Summoning Apocalyptic Devastation,2023,5,n,,
4223935,,Acrimonious,,,Sunyata,2012,4,n,,
9574786,,Funeral Chic,,,Superstition,2018,8,n,,
4439144,,Carcass,,,Surgical Steel,2013,9,n,,
4945287,,Lvcifyre,,,Svn Eater,2014,7,n,,
4287664,,Sulphur Aeon,,,Swallowed by the Ocean's Tide,2013,8,n,,
23059,,Kalmah,,,Swamplord,2000,9,n,,
80199,,Kalmah,,,Swampsong,2003,9,n,,
755855,,Watain,,,Sworn to the Dark,2007,7,n,,
12091595,,Odiosior,,,Syvyyksistä,2020,8,n,,
12748924,,Odiosior,,,Syvyyksistä,2020,8,n,,
1822927,,Taake,,,Taake,2008,6,n,,
13833721,,Stormkeep,,,Tales of Othertime,2021,7,n,,
21064,,Absu,,,Tara,2001,9,n,,
12674255,,Sielunvihollinen,,,Teloituskäsky,2021,7,n,,
3448631,,Desolate Shrine,,,Tenebrous Towers,2011,6,n,,
4176911,,Revocation,,,Teratogenesis,2012,7,n,,
14326468,,Gorebringer,,,Terrified Beyond Measure,2022,8,n,,
765405,,Vomitory,,,Terrorize Brutalize Sodomize,2007,7,n,,
14947008,,Dryad,,,The Abyssal Plain,2023,7,n,,
4001956,,Afgrund,,,The Age of Dumb,2012,6,n,,
14325926,,Watain,,,The Agony &amp; Ecstasy of Watain,2022,6,n,,
81219,,The Agony Scene,,,The Agony Scene,2003,8,n,,
4844115,,Valkyrja,,,The Antagonist's Fire,2013,8,n,,
732425,,Behemoth,,,The Apostasy,2007,6,n,,
122131,,Hypocrisy,,,The Arrival,2004,8,n,,
9486917,,Bloodbath,,,The Arrow of Satan Is Drawn,2018,6,n,,
14725475,,Pestilent Hex,,,The Ashen Abhorrence,2022,7,n,,
5042291,,Crypticus,,,The Barrens,2014,6,n,,
5219550,,Beneath,,,The Barren Throne,2014,7,n,,
182583,,Vader,,,The Beast,2004,6,n,,
44,,Radiohead,,,The Bends,1995,7,n,,
478312,,Kalmah,,,The Black Waltz,2006,7,n,,
620037,,Draconian,,,The Burning Halo,2006,7,n,,
572501,,Ahab,,,The Call of the Wretched Sea,2006,7,n,,
6163534,,Tribulation,,,The Children of the Night,2015,7,n,,
3710903,,Horrendous,,,The Chills,2012,8,n,,
306999,,The Agony Scene,,,The Darkest Red,2005,7,n,,
4734632,,Impaled,,,The Dead Still Dead Remain,2013,7,n,,
10275767,,Disentomb,,,The Decaying Light,2019,8,n,,
3877275,,Desecresy,,,The Doom Skeptron,2012,9,n,,
12730269,,Ninkharsag,,,The Dread March of Solemn Gods,2021,8,n,,
10033605,,Inferi,,,The End of an Era | Rebirth,2019,8,n,,
144318,,Killswitch Engage,,,The End of Heartache,2004,6,n,,
7222933,,Katatonia,,,The Fall of Hearts,2016,5,n,,
1650619,,Bloodbath,,,The Fathomless Mastery,2008,5,n,,
12260906,,Deus Mortem,,,The Fiery Blood,2020,9,n,,
9985,,Hypocrisy,,,The Final Chapter,1997,9,n,,
12305401,,Demon King,,,The Final Tyranny,2021,9,n,,
4299664,,Tribulation,,,The Formulas of Death,2013,7,n,,
526607,,Gadget,,,The Funeral March,2006,7,n,,
593660,,Before the Dawn,,,The Ghost,2006,7,n,,
452328,,Katatonia,,,The Great Cold Distance,2006,7,n,,
1898674,,Cattle Decapitation,,,The Harvest Floor,2009,7,n,,
14062,,The Haunted,,,The Haunted,1998,8,n,,
7840442,,The Drip,,,The Haunting Fear of Inevitability,2017,7,n,,
925079,,Within Temptation,,,The Heart of Everything,2007,8,n,,
5940655,,Desolate Shrine,,,The Heart of the Netherworld,2015,8,n,,
6170513,,Serenity in Murder,,,The Highest of Dystopia,2015,7,n,,
1526558,,Tribulation,,,The Horror,2009,8,n,,
59544,,Chimaira,,,The Impossibility of Reason,2003,7,n,,
7745,,In Flames,,,The Jester Race,1996,10,n,,
51441,,Exhorder,,,The Law,1992,7,n,,
34676,,Behemoth,,,Thelema.6,2000,6,n,,
1931414,,Archgoat,,,The Light-Devouring Darkness,2009,8,n,,
2264471,,The Project Hate MCMXCIX,,,The Lustrate Process,2009,8,n,,
1333086,,Esoteric,,,The Maniacal Vale,2008,9,n,,
17902,,Agalloch,,,The Mantle,2002,8,n,,
7321203,,Forteresse,,,Thèmes pour la rébellion,2016,8,n,,
20183,,Poison the Well,,,The Opposite of December,1999,7,n,,
5113697,,Inferi,,,The Path of Apotheosis,2014,6,n,,
15100489,,Molested Divinity,,,The Primordial,2023,8,n,,
6500393,,Soilwork,,,The Ride Majestic,2015,9,n,,
2364252,,Arch Enemy,,,The Root of All Evil,2009,5,n,,
13999084,,Ultra Silvam,,,The Sanctity of Death,2022,7,n,,
4124202,,Desolate Shrine,,,The Sanctum of Human Darkness,2012,7,n,,
14762041,,The Chasm,,,The Scars of a Lost Reflective Shadow,2022,6,n,,
14630,,Refused,,,The Shape of Punk to Come,1998,7,n,,
919504,,Ava Inferi,,,The Silhouette,2007,7,n,,
5177225,,Scar Symmetry,,,The Singularity (Phase I: Neohumanity),2014,9,n,,
27184,,Dissection,,,The Somberlain,1993,9,n,,
249239,,Auberon,,,The Tale of Black...,1998,8,n,,
70459,,Necrophobic,,,The Third Antichrist,1999,7,n,,
277180,,Mors Principium Est,,,The Unborn,2005,7,n,,
1177681,,Hour of Penance,,,The Vile Conception,2008,7,n,,
6196640,,Ethereal Shroud,,,They Became the Falling Ash,2015,8,n,,
19445,,Kalmah,,,They Will Return,2002,8,n,,
73279,,A Perfect Circle,,,Thirteenth Step,2003,7,n,,
29624,,Marduk,,,Those of the Unlight,1993,8,n,,
4438294,,Vader,,,Tibi et Igni,2014,7,n,,
3291496,,Havok,,,Time Is Up,2011,7,n,,
2021756,,Austere,,,To Lay Like Old Ashes,2009,9,n,,
3107179,,Woods of Desolation,,,Torn Beyond Reason,2011,8,n,,
8630423,,Blood Freak,,,Total Destruction of the Human Form,2017,7,n,,
794401,,Iperyt,,,Totalitarian Love Pulse,2006,6,n,,
15103597,,Arnaut Pavle,,,Transylvanian Glare,2023,8,n,,
8704315,,Watain,,,Trident Wolf Eclipse,2018,7,n,,
11633076,,Ethereal Shroud,,,Trisagion,2021,8,n,,
157788,,Callisto,,,True Nature Unfolds,2004,8,n,,
1101154,,Draconian,,,Turning Season Within,2008,7,n,,
14072415,,Lunar Blood,,,Twilight Insurgency,2022,7,n,,
314588,,Cursed,,,Two,2005,7,n,,
1316218,,Bloodbath,,,Unblessing the Purity,2008,9,n,,
9639324,,Sargeist,,,Unbound,2018,8,n,,
12630580,,Invultation,,,Unconquerable Death,2021,7,n,,
14876781,,Vintertodt,,,Under Endless Invented Night,2022,7,n,,
21261,,Gorgoroth,,,Under the Sign of Hell,1997,7,n,,
4113,,Bathory,,,Under the Sign of the Black Mark,1987,7,n,,
12265212,,Dispyt,,,Under tiden jag sålde min själ till Satan,2020,8,n,,
1903,,Tool,,,Undertow,1993,8,n,,
10573534,,Phobophilic,,,Undimensioned Identities,2019,8,n,,
5220202,,Impetuous Ritual,,,Unholy Congregation of Hypocritical Ambivalence,2014,6,n,,
11489135,,Sorcier des glaces,,,Un monde de glace et de sang,2020,7,n,,
4554635,,Havok,,,Unnatural Selection,2013,6,n,,
2758328,,Nails,,,Unsilent Death,2010,8,n,,
14874475,,Mortuous,,,Upon Desolation,2022,7,n,,
11370214,,The Committee,,,Utopian Deception,2020,6,n,,
4153082,,Anaal Nathrakh,,,Vanitas,2012,6,n,,
4142559,,Incantation,,,Vanquish in Vengeance,2012,7,n,,
15079272,,Majesties,,,Vast Reaches Unclaimed,2023,8,n,,
370776,,Old Man's Child,,,Vermin,2005,8,n,,
694579,,Poison the Well,,,Versions,2007,7,n,,
289414,,Shining,,,V - Halmstad (Niklas Angående Niklas),2007,8,n,,
345481,,Thrice,,,Vheissu,2005,8,n,,
4381,,Eternal Tears of Sorrow,,,Vilda Mánnu,1998,7,n,,
22887,,Kreator,,,Violent Revolution,2001,7,n,,
347505,,Hypocrisy,,,Virus,2005,8,n,,
2097153,,Jääportit,,,Voimasuo,2009,8,n,,
15077555,,Bastard Grave,,,Vortex of Disgust,2023,7,n,,
1120970,,Locus Mortis,,,Voust,2007,8,n,,
2013,,Pantera,,,Vulgar Display of Power,1992,8,n,,
765725,,Katharsis,,,VVorldvvithoutend,2006,8,n,,
11129,,Arch Enemy,,,Wages of Sin,2001,8,n,,
5301892,,Arch Enemy,,,War Eternal,2014,7,n,,
154957,,Malevolent Creation,,,Warkult,2004,7,n,,
1825205,,Nightrage,,,Wearing a Martyr's Crown,2009,6,n,,
158717,,Vinterland,,,Welcome My Last Chapter,1996,8,n,,
15103594,,Goatmoon,,,What Once Was… Shall Be Again,2023,7,n,,
3743042,,December Flower,,,When All Life Ends...,2011,8,n,,
5195583,,Young and in the Way,,,When Life Comes to Death,2014,8,n,,
6356089,,Feral,,,Where Dead Dreams Dwell,2015,8,n,,
7789584,,White Death,,,White Death,2017,7,n,,
2902,,In Flames,,,Whoracle,1997,9,n,,
262777,,Catamenia,,,Winternight Tragedies,2005,7,n,,
724048,,Baptism,,,Wisdom &amp; Hate,2004,8,n,,
135358,,Obtained Enslavement,,,Witchcraft,1997,7,n,,
4382492,,Woe,,,Withdrawal,2013,9,n,,
14872272,,Wolfnacht / Goatmoon / Thy Serpent,,,Wolfnacht / Goatmoon / Thy Serpent,2022,7,n,,
9802167,,Nightrage,,,Wolf to Man,2019,7,n,,
30039,,Entombed,,,Wolverine Blues,1993,7,n,,
13541349,,Archgoat,,,Worship the Eternal Darkness,2021,8,n,,
14528521,,Coffin Nail,,,Years of Lead,2022,7,n,,
66579,,Poison the Well,,,You Come Before You,2003,9,n,,
4036795,,Birds in Row,,,"You, Me &amp; the Violence",2012,9,n,,
52737,,Behemoth,,,Zos Kia Cultus (Here and Beyond),2002,9,n,,
14904297,,Drudkh,,,Всі належать ночі (All Belong to the Night),2022,6,n,,
640614,,Nokturnal Mortum,,,Голос сталі,2009,9,n,,
13764510,,Nokturnal Mortum,,,До лунарної поезії (To Lunar Poetry),2022,9,n,,
8113468,,Nokturnal Mortum,,,Істина,2017,8,n,,
640616,,Nokturnal Mortum,,,Мировоззрение,2004,7,n,,
2223684,,М8Л8ТХ [M8L8TH],,,Непоколебимая вера / Unbreakable Faith,2009,8,n,,
1684196,,М8Л8ТХ [M8L8TH],,,Чёрным крылом,2004,9,n,,
14082361,,Arkhtinn,,,二度目の災害,2021,8,n,,
14872468,,Ripped to Shreds,,,劇變 (Jubian),2022,8,n,,
10373,,山根ミチル [Michiru Yamane],,,悪魔城ドラキュラX～月下の夜想曲～ (Akumajo Dracula X ~Gekka no Nocturne~),1997,8,n,,
2242746,,Nachtmystium,,,Doomsday Derelicts,2009,8,n,,
70460,,Necrophobic,,,Bloodhymns,2002,8,n,,
70457,,Necrophobic,,,Darkside,1997,10,n,,
2054282,,Necrophobic,,,Death to All,2009,6,n,,
70455,,Necrophobic,,,The Nocturnal Silence,1993,8,n,,
3674189,,Ne Obliviscaris,,,Portal of I,2012,8,u,,
73434,,Nevermore,,,Enemies of Reality,2003,6,n,,
305947,,Nevermore,,,This Godless Endeavor,2005,9,n,,
527664,,Newborn,,,Discography,2004,8,n,,
72844,,Nightrage,,,Sweet Vengeance,2003,8,n,,
2064318,,Nihiling,,,M[e]iosis,2009,8,n,,
4587107,,Noisem,,,Agony Defined,2013,7,n,,
2024821,,Nokturnal Mortum,,,Goat Horns,1997,9,n,,
43615,,Nokturnal Mortum,,,Nechrist,1999,8,n,,
43614,,Nokturnal Mortum,,,To the Gates of Blasphemous Fire,1999,8,n,,
2052938,,Novembers Doom,,,Into Night's Requiem Infernal,2009,6,n,,
2307477,,"Oh, Sleeper",,,Son of the Morning,2009,8,n,,
1048457,,Ohtar,,,Human Fuel of Death,2007,8,n,,
501832,,Ohtar,,,Petrified Breath of Hope,2006,7,n,,
176557,,Ohtar,,,When I Cut the Throat,2003,6,n,,
33775,,Old Man's Child,,,In Defiance of Existence,2003,8,n,,
1176456,,Orcivus,,,Consummatum Est,2008,8,n,,
13889413,,Ortus,,,Aus der Tiefe,2021,7,n,,
182320,A,Perfect Circle,,,eMOTIVe,2004,6,n,,
27993,,Poison the Well,,,Tear From the Red,2002,7,n,,
2043145,,Project: Failing Flesh,,,Count Back From Ten,2010,7,n,,
4246059,The,Project Hate MCMXCIX,,,The Cadaverous Retaliation Agenda,2013,5,n,,
1181512,,Putrescence,,,Fatal White Pustules Upon Septic Organs,2007,8,n,,
2365434,,Quintessence,,,Le fléau de ton existence,2009,7,n,,
77941,,Rapture,,,Songs for the Withering,2002,7,n,,
1868035,,Razor of Occam,,,Homage to Martyrs,2009,7,n,,
12217326,,Recreated,,,Evila,2020,8,n,,
16558,,Refused,,,Songs to Fan the Flames of Discontent,1997,8,n,,
6710855,,Regarde les hommes tomber,,,Exile,2015,8,n,,
3704463,,Reverorum Ib Malacht,,,Urkaos,2011,7,n,,
666575,,Reverorum Ib Malacht,,,"What Do You Think of the Old God, We Call Him Judas?",2005,7,n,,
1874215,,Revolting,,,Dreadful Pleasures,2009,6,n,,
8752470,,Revolting,,,Monolith of Madness,2018,8,n,,
11975385,,Revolting,,,The Shadow at the World's End,2020,7,n,,
14933108,,Rienaus,,,Luciferille,2022,7,n,,
3742387,,Rise and Fall,,,Faith,2012,7,n,,
4721842,,Russian Circles,,,Memorial,2013,7,n,,
1678017,Den,Saakaldte,,,All Hail Pessimism!,2009,6,n,,
2612466,Den,Saakaldte,,,Kapittel II: Faen i Helvete,2014,6,n,,
138641,,Sacramentum,,,Far Away From the Sun,1996,8,n,,
14028960,,Sacrificium Carmen,,,Nekrognosis - Avain varjoihin,2021,7,n,,
1018929,,Sadistic Intent,,,A Calm Before the Storm,1991,7,n,,
14764846,,SadSvit,,,20&amp;21,2021,7,n,,
3041402,,Sargeist,,,Let the Devil In,2010,7,n,,
816404,,Sarpanitum,,,Despoilment of Origin,2007,9,n,,
465275,,Satura Lanx,,,No Fighting the Furies,2006,7,n,,
1483450,,Seance,,,Awakening of the Gods,2009,5,n,,
945706,,Selfmindead,,,At the Barricades We Fall,2000,8,n,,
12731124,,Seth,,,La morsure du Christ,2021,7,n,,
4424613,,Shade Empire,,,Omega Arcane,2013,9,n,,
157206,,Shining,,,II - Livets Ändhållplats,2001,7,n,,
1564324,,Shining,,,VI - Klagopsalmer,2009,7,n,,
14610630,,Shrouded Infinity,,,Through Caverns Unknown,2022,7,n,,
15352647,,Sielunvihollinen,,,Helvetinkone,2023,7,n,,
8054519,,Sielunvihollinen,,,Ruhonkantaja,2017,8,n,,
14275922,,Silhouette,,,Les retranchements,2021,7,n,,
2530942,,Simbiose,,,Fake Dimension,2009,9,n,,
11472,,Slayer,,,Diabolus in musica,1998,6,n,,
6131,,Slayer,,,Divine Intervention,1994,7,n,,
140805,,Slipknot,,,Vol. 3: (The Subliminal Verses),2004,5,n,,
8900573,,Slugdge,,,Esoteric Malacology,2018,8,n,,
5611715,,Slugdge,,,Gastronomicon,2014,8,n,,
250460,,Slumber,,,Fallout,2004,9,n,,
14754,,Soilwork,,,Steel Bath Suicide,1998,8,n,,
3790810,,Soilwork,,,The Living Infinite,2013,7,n,,
11101208,,Solothus,,,Realm of Ash and Blood,2020,8,n,,
4131434,,Sonne Adam,,,Doctrines of Dark Devotion,2012,8,n,,
3457755,,Sonne Adam,,,Transformation,2011,8,n,,
2345,,Soundgarden,,,Superunknown,1994,8,n,,
60636,,Spineshank,,,Self Destructive Pattern,2003,7,n,,
83149,,Still Breathing,,,September,2002,8,n,,
20824,,Suffocation,,,Pierced From Within,1995,9,n,,
5097,,Summoning,,,Minas Morgul,1995,8,n,,
257818,,Sunwheel,,,Monuments of the Elder Faith,2004,7,n,,
2910993,,Supplicium,,,Magna Atra Missa,2010,8,n,,
1410475,,Swallow the Sun,,,Plague of Butterflies,2008,8,n,,
2266356,,Taunt,,,End of You All,2009,0,n,,
6499879,,Teethgrinder,,,Misanthropy,2015,8,n,,CD
2400616,,Temple of Baal,,,Lightslaying Rituals,2009,6,n,,
10689,,Testament,,,The New Order,1988,9,n,,
14727669,,Thousand Eyes,,,Betrayer,2022,7,n,,
14727662,,Thousand Eyes,,,Betrayer,2022,8,n,,
451161,,Thunderbolt,,,Black Clouds Over Dark Majesty,1999,7,n,,
13572959,,Thy Night'85,,,Immortal,2021,8,n,,
1572761,,Toxic Holocaust,,,An Overdose of Death...,2008,7,n,,
3444289,,Toxic Holocaust,,,Conjure and Command,2011,8,n,,
813678,,Trap Them,,,Sleepwell Deconstructor,2007,6,n,,
8954051,,Uada,,,Cult of a Dying Sun,2018,7,n,,
7186193,,Uada,,,Devoid of Light,2016,8,n,,
109390,,Unanimated,,,Ancient God of Evil,1995,9,n,,
15090796,,Ungeheuer,,,Nachtherrscher,2023,7,n,,
8315519,,Urn,,,The Burning,2017,8,n,,
930778,,Valkyrja,,,The Invocation of Demise,2007,6,n,,
3898383,,Valtari,,,Fragments of a Nightmare,2012,7,n,,
3862151,,Veiled in Scarlet,,,Idealism,2012,9,n,,
1576720,,Verge,,,Hatemagic,2008,7,n,,
626780,,Verminous,,,Impious Sacrilege,2003,5,n,,
2028201,,Vomitory,,,Carnage Euphoria,2009,8,n,,
194060,,Vomitory,,,Primal Massacre,2004,6,n,,
90869,,Vomitory,,,Revelation Nausea,2001,8,n,,
2136842,,Vomit the Soul,,,Apostles of Inexpression,2009,7,n,,
14546693,,Wacht,,,La rumur dal destin,2022,7,n,,
6057771,,Walking on Cars,,,Hand in Hand,2014,9,n,,
3840638,,Waning,,,The Human Condition,2012,7,n,,
1744585,,Warcollapse,,,Defy!,2007,6,n,,
195632,,Watain,,,Casus Luciferi,2003,9,n,,
4542752,,Watain,,,The Wild Hunt,2013,6,n,,
14798318,,White Rune,,,Dawn of the White Rune,2022,8,n,,
15076167,,Wield,,,Pnp Murder Spree,2023,6,n,,
118343,,Witchery,,,Restless &amp; Dead,1998,8,n,,
19494,,Witchery,,,Symphony for the Devil,2001,8,n,,
2861325,,Witchery,,,Witchkrieg,2010,7,n,,
7389489,,Witherscape,,,The Northern Sanctuary,2016,9,n,,
11890249,,Wombripper,,,Macabre Melodies,2020,8,n,,
4257969,,Wormed,,,Exodromos,2013,7,n,,
10040348,,Wretched Fate,,,Fleshletting,2019,7,n,,
15007491,,Wretched Path,,,Heavy Lies the Crown,2022,7,n,,
9777812,,Wulkanaz,,,Wulkanaz,2018,5,n,,
894630,,Xeöhl,,,Un genre de noir,2007,8,n,,
171651,,Zao,,,The Funeral of God,2004,7,n,,
607652,,Zavorash,,,Nihilistic Ascension &amp; Spiritual Death,2006,8,n,,
3230076,,Лютомысл,,Lutomysl,Lutomysl,2010,6,n,,
